{
 "build": "pyhd8ed1ab_0",
 "build_number": 0,
 "channel": "https://conda.anaconda.org/conda-forge/noarch",
 "constrains": [],
 "depends": [
  "python >=3.7",
  "setuptools"
 ],
 "extracted_package_dir": "",
 "files": [
  "Lib/site-packages/conda_pack-0.8.0.dist-info/INSTALLER",
  "Lib/site-packages/conda_pack-0.8.0.dist-info/LICENSE.txt",
  "Lib/site-packages/conda_pack-0.8.0.dist-info/METADATA",
  "Lib/site-packages/conda_pack-0.8.0.dist-info/RECORD",
  "Lib/site-packages/conda_pack-0.8.0.dist-info/REQUESTED",
  "Lib/site-packages/conda_pack-0.8.0.dist-info/WHEEL",
  "Lib/site-packages/conda_pack-0.8.0.dist-info/direct_url.json",
  "Lib/site-packages/conda_pack-0.8.0.dist-info/entry_points.txt",
  "Lib/site-packages/conda_pack-0.8.0.dist-info/top_level.txt",
  "Lib/site-packages/conda_pack/__init__.py",
  "Lib/site-packages/conda_pack/_progress.py",
  "Lib/site-packages/conda_pack/_version.py",
  "Lib/site-packages/conda_pack/cli.py",
  "Lib/site-packages/conda_pack/compat.py",
  "Lib/site-packages/conda_pack/core.py",
  "Lib/site-packages/conda_pack/formats.py",
  "Lib/site-packages/conda_pack/prefixes.py",
  "Lib/site-packages/conda_pack/scripts/posix/activate",
  "Lib/site-packages/conda_pack/scripts/posix/activate.fish",
  "Lib/site-packages/conda_pack/scripts/posix/deactivate",
  "Lib/site-packages/conda_pack/scripts/posix/parcel",
  "Lib/site-packages/conda_pack/scripts/windows/activate.bat",
  "Lib/site-packages/conda_pack/scripts/windows/deactivate.bat",
  ".nonadmin",
  "Lib/site-packages/conda_pack/__pycache__/__init__.cpython-312.pyc",
  "Lib/site-packages/conda_pack/__pycache__/_progress.cpython-312.pyc",
  "Lib/site-packages/conda_pack/__pycache__/_version.cpython-312.pyc",
  "Lib/site-packages/conda_pack/__pycache__/cli.cpython-312.pyc",
  "Lib/site-packages/conda_pack/__pycache__/compat.cpython-312.pyc",
  "Lib/site-packages/conda_pack/__pycache__/core.cpython-312.pyc",
  "Lib/site-packages/conda_pack/__pycache__/formats.cpython-312.pyc",
  "Lib/site-packages/conda_pack/__pycache__/prefixes.cpython-312.pyc",
  "Scripts/conda-pack-script.py",
  "Scripts/conda-pack.exe"
 ],
 "fn": "conda-pack-0.8.0-pyhd8ed1ab_0.conda",
 "license": "BSD-3-Clause",
 "link": {
  "source": "",
  "type": 1
 },
 "md5": "1d549e1bb0fb3daa361585f411977b53",
 "name": "conda-pack",
 "noarch": "python",
 "package_tarball_full_path": "",
 "package_type": "noarch_python",
 "paths_data": {
  "paths": [
   {
    "_path": "site-packages/conda_pack-0.8.0.dist-info/INSTALLER",
    "path_type": "hardlink",
    "sha256": "d0edee15f91b406f3f99726e44eb990be6e34fd0345b52b910c568e0eef6a2a8",
    "sha256_in_prefix": "d0edee15f91b406f3f99726e44eb990be6e34fd0345b52b910c568e0eef6a2a8",
    "size_in_bytes": 5
   },
   {
    "_path": "site-packages/conda_pack-0.8.0.dist-info/LICENSE.txt",
    "path_type": "hardlink",
    "sha256": "b0e95f386b21798f8a7a459336b8f1262a9723998d16956f582a0cff58df9270",
    "sha256_in_prefix": "b0e95f386b21798f8a7a459336b8f1262a9723998d16956f582a0cff58df9270",
    "size_in_bytes": 1509
   },
   {
    "_path": "site-packages/conda_pack-0.8.0.dist-info/METADATA",
    "path_type": "hardlink",
    "sha256": "01467fa58c44fc7415278bc6dd7fd6b0586f0c9c3bb0c8e7e3c37ce38ef51188",
    "sha256_in_prefix": "01467fa58c44fc7415278bc6dd7fd6b0586f0c9c3bb0c8e7e3c37ce38ef51188",
    "size_in_bytes": 2643
   },
   {
    "_path": "site-packages/conda_pack-0.8.0.dist-info/RECORD",
    "path_type": "hardlink",
    "sha256": "3c555e516bf1d410d088640ae1c8fbda3b6251defbb9f3c924ea32aef03a6005",
    "sha256_in_prefix": "3c555e516bf1d410d088640ae1c8fbda3b6251defbb9f3c924ea32aef03a6005",
    "size_in_bytes": 2460
   },
   {
    "_path": "site-packages/conda_pack-0.8.0.dist-info/REQUESTED",
    "path_type": "hardlink",
    "sha256": "e3b0c44298fc1c149afbf4c8996fb92427ae41e4649b934ca495991b7852b855",
    "sha256_in_prefix": "e3b0c44298fc1c149afbf4c8996fb92427ae41e4649b934ca495991b7852b855",
    "size_in_bytes": 0
   },
   {
    "_path": "site-packages/conda_pack-0.8.0.dist-info/WHEEL",
    "path_type": "hardlink",
    "sha256": "a4ec1d0917719026aaf2d593be71880beabf99e5981f09aabef40f91e68cd88e",
    "sha256_in_prefix": "a4ec1d0917719026aaf2d593be71880beabf99e5981f09aabef40f91e68cd88e",
    "size_in_bytes": 109
   },
   {
    "_path": "site-packages/conda_pack-0.8.0.dist-info/direct_url.json",
    "path_type": "hardlink",
    "sha256": "1d8473b3a37847f5476ced9ec660f28a344e89a57803e4656c9515b219360a84",
    "sha256_in_prefix": "1d8473b3a37847f5476ced9ec660f28a344e89a57803e4656c9515b219360a84",
    "size_in_bytes": 106
   },
   {
    "_path": "site-packages/conda_pack-0.8.0.dist-info/entry_points.txt",
    "path_type": "hardlink",
    "sha256": "71851810a3c3593e864028ef48f274be1c8d38cbaf2bcdc36ec451008ad1ec8e",
    "sha256_in_prefix": "71851810a3c3593e864028ef48f274be1c8d38cbaf2bcdc36ec451008ad1ec8e",
    "size_in_bytes": 51
   },
   {
    "_path": "site-packages/conda_pack-0.8.0.dist-info/top_level.txt",
    "path_type": "hardlink",
    "sha256": "cf2ce64365cce3c1c399f176f6ac2c80fce44fb8759faa8b64dcb11287dd1810",
    "sha256_in_prefix": "cf2ce64365cce3c1c399f176f6ac2c80fce44fb8759faa8b64dcb11287dd1810",
    "size_in_bytes": 11
   },
   {
    "_path": "site-packages/conda_pack/__init__.py",
    "path_type": "hardlink",
    "sha256": "f8254a0c791aa3a49906372b49213cca551269a9ecf6ac2aa72475cbd75f086b",
    "sha256_in_prefix": "f8254a0c791aa3a49906372b49213cca551269a9ecf6ac2aa72475cbd75f086b",
    "size_in_bytes": 132
   },
   {
    "_path": "site-packages/conda_pack/_progress.py",
    "path_type": "hardlink",
    "sha256": "f280fc40a231e8ebf0f47cb39c2c6b6d3594b118e1ddf8bc02922b06f02eb3b1",
    "sha256_in_prefix": "f280fc40a231e8ebf0f47cb39c2c6b6d3594b118e1ddf8bc02922b06f02eb3b1",
    "size_in_bytes": 2920
   },
   {
    "_path": "site-packages/conda_pack/_version.py",
    "path_type": "hardlink",
    "sha256": "10c5400f046b7a725b85ef9acfb034f2bfaa81d3810b30abd55779045c9aa8ca",
    "sha256_in_prefix": "10c5400f046b7a725b85ef9acfb034f2bfaa81d3810b30abd55779045c9aa8ca",
    "size_in_bytes": 497
   },
   {
    "_path": "site-packages/conda_pack/cli.py",
    "path_type": "hardlink",
    "sha256": "4580fa088f3a8605181dd3def18256a86bcbacd5bbbad56593e23efc619bee52",
    "sha256_in_prefix": "4580fa088f3a8605181dd3def18256a86bcbacd5bbbad56593e23efc619bee52",
    "size_in_bytes": 8862
   },
   {
    "_path": "site-packages/conda_pack/compat.py",
    "path_type": "hardlink",
    "sha256": "714c7b490d32ba769a8914417bb010b68126ccdae7ff3339a369645be5b8179a",
    "sha256_in_prefix": "714c7b490d32ba769a8914417bb010b68126ccdae7ff3339a369645be5b8179a",
    "size_in_bytes": 1302
   },
   {
    "_path": "site-packages/conda_pack/core.py",
    "path_type": "hardlink",
    "sha256": "b7a8c1dcb3ed3d4b14e98177a7f02ba35baea2e4aa9c7eb7dd346ef373918331",
    "sha256_in_prefix": "b7a8c1dcb3ed3d4b14e98177a7f02ba35baea2e4aa9c7eb7dd346ef373918331",
    "size_in_bytes": 47031
   },
   {
    "_path": "site-packages/conda_pack/formats.py",
    "path_type": "hardlink",
    "sha256": "c092733f845563ad8c10bd7fca3a374c967cd06445fb451e4371d1e79a2b3078",
    "sha256_in_prefix": "c092733f845563ad8c10bd7fca3a374c967cd06445fb451e4371d1e79a2b3078",
    "size_in_bytes": 18279
   },
   {
    "_path": "site-packages/conda_pack/prefixes.py",
    "path_type": "hardlink",
    "sha256": "88b58df57aa4f6772f8d6aeeb85fe1f91bfd31646ced75560fbe91267a60dc8f",
    "sha256_in_prefix": "88b58df57aa4f6772f8d6aeeb85fe1f91bfd31646ced75560fbe91267a60dc8f",
    "size_in_bytes": 7766
   },
   {
    "_path": "site-packages/conda_pack/scripts/posix/activate",
    "path_type": "hardlink",
    "sha256": "d25c0bee6db4d0891f4cdbcdec5d62fe507ac0fe6bb7bd52030dec2279a9e1b9",
    "sha256_in_prefix": "d25c0bee6db4d0891f4cdbcdec5d62fe507ac0fe6bb7bd52030dec2279a9e1b9",
    "size_in_bytes": 2364
   },
   {
    "_path": "site-packages/conda_pack/scripts/posix/activate.fish",
    "path_type": "hardlink",
    "sha256": "d30eecb5a5a9f2afebb7e00fb413f5ed5244fbf7423d1658469c943aac473a6b",
    "sha256_in_prefix": "d30eecb5a5a9f2afebb7e00fb413f5ed5244fbf7423d1658469c943aac473a6b",
    "size_in_bytes": 1830
   },
   {
    "_path": "site-packages/conda_pack/scripts/posix/deactivate",
    "path_type": "hardlink",
    "sha256": "4cbd0bc760f5d4e41ddab41d8d0c3ba8fb99e4f8623e16044a05103eb85ca47c",
    "sha256_in_prefix": "4cbd0bc760f5d4e41ddab41d8d0c3ba8fb99e4f8623e16044a05103eb85ca47c",
    "size_in_bytes": 878
   },
   {
    "_path": "site-packages/conda_pack/scripts/posix/parcel",
    "path_type": "hardlink",
    "sha256": "bf93a4a64e97df4fffe615fa8df9ea8df43d6633718eedee175c24fa568c24ba",
    "sha256_in_prefix": "bf93a4a64e97df4fffe615fa8df9ea8df43d6633718eedee175c24fa568c24ba",
    "size_in_bytes": 387
   },
   {
    "_path": "site-packages/conda_pack/scripts/windows/activate.bat",
    "path_type": "hardlink",
    "sha256": "f030eeb933f882ae44a69cbe7ccd0746124c5fde4ec42f9f8521a853a1675f89",
    "sha256_in_prefix": "f030eeb933f882ae44a69cbe7ccd0746124c5fde4ec42f9f8521a853a1675f89",
    "size_in_bytes": 1906
   },
   {
    "_path": "site-packages/conda_pack/scripts/windows/deactivate.bat",
    "path_type": "hardlink",
    "sha256": "a931e1e1e0d5ac5f340e1587b197549064b24ea243071c519641306ea2eb9d28",
    "sha256_in_prefix": "a931e1e1e0d5ac5f340e1587b197549064b24ea243071c519641306ea2eb9d28",
    "size_in_bytes": 1562
   },
   {
    "_path": "Lib/site-packages/conda_pack/__pycache__/__init__.cpython-312.pyc",
    "path_type": "pyc_file"
   },
   {
    "_path": "Lib/site-packages/conda_pack/__pycache__/_progress.cpython-312.pyc",
    "path_type": "pyc_file"
   },
   {
    "_path": "Lib/site-packages/conda_pack/__pycache__/_version.cpython-312.pyc",
    "path_type": "pyc_file"
   },
   {
    "_path": "Lib/site-packages/conda_pack/__pycache__/cli.cpython-312.pyc",
    "path_type": "pyc_file"
   },
   {
    "_path": "Lib/site-packages/conda_pack/__pycache__/compat.cpython-312.pyc",
    "path_type": "pyc_file"
   },
   {
    "_path": "Lib/site-packages/conda_pack/__pycache__/core.cpython-312.pyc",
    "path_type": "pyc_file"
   },
   {
    "_path": "Lib/site-packages/conda_pack/__pycache__/formats.cpython-312.pyc",
    "path_type": "pyc_file"
   },
   {
    "_path": "Lib/site-packages/conda_pack/__pycache__/prefixes.cpython-312.pyc",
    "path_type": "pyc_file"
   },
   {
    "_path": "Scripts/conda-pack-script.py",
    "path_type": "windows_python_entry_point_script"
   },
   {
    "_path": "Scripts/conda-pack.exe",
    "path_type": "windows_python_entry_point_exe"
   }
  ],
  "paths_version": 1
 },
 "requested_spec": "conda-pack",
 "sha256": "050ac62d5195a8fd7020289fe04c19e61430a1da2153d1fbc283b39fed802d99",
 "size": 34377,
 "subdir": "noarch",
 "timestamp": 1719324091000,
 "url": "https://conda.anaconda.org/conda-forge/noarch/conda-pack-0.8.0-pyhd8ed1ab_0.conda",
 "version": "0.8.0"
}