{
  "build": "hcfcfb64_5",
  "build_number": 5,
  "channel": "https://conda.anaconda.org/conda-forge/win-64",
  "constrains": [
    "zlib 1.2.13 *_5"
  ],
  "depends": [
    "ucrt >=10.0.20348.0",
    "vc >=14.2,<15",
    "vc14_runtime >=14.29.30139"
  ],
  "extracted_package_dir": "C:\\Users\\Leem\\miniforge-pypy3\\pkgs\\libzlib-1.2.13-hcfcfb64_5",
  "files": [
    "Library/bin/zlib.dll",
    "zlib.dll",
    ".nonadmin"
  ],
  "fn": "libzlib-1.2.13-hcfcfb64_5.conda",
  "license": "Zlib",
  "link": {
    "source": "C:\\Users\\Leem\\miniforge-pypy3\\pkgs\\libzlib-1.2.13-hcfcfb64_5",
    "type": 1
  },
  "md5": "5fdb9c6a113b6b6cb5e517fd972d5f41",
  "name": "libzlib",
  "package_tarball_full_path": "C:\\Users\\Leem\\miniforge-pypy3\\pkgs\\libzlib-1.2.13-hcfcfb64_5.conda",
  "paths_data": {
    "paths": [
      {
        "_path": "Library/bin/zlib.dll",
        "path_type": "hardlink",
        "sha256": "bdd7a7d78c82f2bd5395772107f5bfdbfb92b7c4e836cc3d78bcb54df4815ec5",
        "sha256_in_prefix": "bdd7a7d78c82f2bd5395772107f5bfdbfb92b7c4e836cc3d78bcb54df4815ec5",
        "size_in_bytes": 89088
      },
      {
        "_path": "zlib.dll",
        "path_type": "hardlink",
        "sha256": "bdd7a7d78c82f2bd5395772107f5bfdbfb92b7c4e836cc3d78bcb54df4815ec5",
        "sha256_in_prefix": "bdd7a7d78c82f2bd5395772107f5bfdbfb92b7c4e836cc3d78bcb54df4815ec5",
        "size_in_bytes": 89088
      }
    ],
    "paths_version": 1
  },
  "requested_spec": "None",
  "sha256": "c161822ee8130b71e08b6d282b9919c1de2c5274b29921a867bca0f7d30cad26",
  "size": 55800,
  "subdir": "win-64",
  "timestamp": 1686575452000,
  "url": "https://conda.anaconda.org/conda-forge/win-64/libzlib-1.2.13-hcfcfb64_5.conda",
  "version": "1.2.13"
}