{
  "build": "hcf57466_18",
  "build_number": 18,
  "channel": "https://conda.anaconda.org/conda-forge/win-64",
  "constrains": [],
  "depends": [
    "vc14_runtime >=14.38.33130"
  ],
  "extracted_package_dir": "C:\\Users\\Leem\\miniforge-pypy3\\pkgs\\vc-14.3-hcf57466_18",
  "files": [
    ".nonadmin"
  ],
  "fn": "vc-14.3-hcf57466_18.conda",
  "license": "BSD-3-Clause",
  "link": {
    "source": "C:\\Users\\Leem\\miniforge-pypy3\\pkgs\\vc-14.3-hcf57466_18",
    "type": 1
  },
  "md5": "20e1e652a4c740fa719002a8449994a2",
  "name": "vc",
  "package_tarball_full_path": "C:\\Users\\Leem\\miniforge-pypy3\\pkgs\\vc-14.3-hcf57466_18.conda",
  "paths_data": {
    "paths": [],
    "paths_version": 1
  },
  "requested_spec": "None",
  "sha256": "447a8d8292a7b2107dcc18afb67f046824711a652725fc0f522c368e7a7b8318",
  "size": 16977,
  "subdir": "win-64",
  "timestamp": 1702511255000,
  "track_features": "vc14",
  "url": "https://conda.anaconda.org/conda-forge/win-64/vc-14.3-hcf57466_18.conda",
  "version": "14.3"
}