{
  "build": "pyhd8ed1ab_1",
  "build_number": 1,
  "channel": "https://conda.anaconda.org/conda-forge/noarch",
  "constrains": [],
  "depends": [
    "python >=3.8"
  ],
  "extracted_package_dir": "C:\\Users\\Leem\\miniforge-pypy3\\pkgs\\wheel-0.43.0-pyhd8ed1ab_1",
  "files": [
    "Lib/site-packages/wheel-0.43.0.dist-info/LICENSE.txt",
    "Lib/site-packages/wheel-0.43.0.dist-info/METADATA",
    "Lib/site-packages/wheel-0.43.0.dist-info/RECORD",
    "Lib/site-packages/wheel-0.43.0.dist-info/WHEEL",
    "Lib/site-packages/wheel-0.43.0.dist-info/entry_points.txt",
    "Lib/site-packages/wheel/__init__.py",
    "Lib/site-packages/wheel/__main__.py",
    "Lib/site-packages/wheel/_setuptools_logging.py",
    "Lib/site-packages/wheel/bdist_wheel.py",
    "Lib/site-packages/wheel/cli/__init__.py",
    "Lib/site-packages/wheel/cli/convert.py",
    "Lib/site-packages/wheel/cli/pack.py",
    "Lib/site-packages/wheel/cli/tags.py",
    "Lib/site-packages/wheel/cli/unpack.py",
    "Lib/site-packages/wheel/macosx_libfile.py",
    "Lib/site-packages/wheel/metadata.py",
    "Lib/site-packages/wheel/util.py",
    "Lib/site-packages/wheel/vendored/__init__.py",
    "Lib/site-packages/wheel/vendored/packaging/__init__.py",
    "Lib/site-packages/wheel/vendored/packaging/_elffile.py",
    "Lib/site-packages/wheel/vendored/packaging/_manylinux.py",
    "Lib/site-packages/wheel/vendored/packaging/_musllinux.py",
    "Lib/site-packages/wheel/vendored/packaging/_parser.py",
    "Lib/site-packages/wheel/vendored/packaging/_structures.py",
    "Lib/site-packages/wheel/vendored/packaging/_tokenizer.py",
    "Lib/site-packages/wheel/vendored/packaging/markers.py",
    "Lib/site-packages/wheel/vendored/packaging/requirements.py",
    "Lib/site-packages/wheel/vendored/packaging/specifiers.py",
    "Lib/site-packages/wheel/vendored/packaging/tags.py",
    "Lib/site-packages/wheel/vendored/packaging/utils.py",
    "Lib/site-packages/wheel/vendored/packaging/version.py",
    "Lib/site-packages/wheel/vendored/vendor.txt",
    "Lib/site-packages/wheel/wheelfile.py",
    ".nonadmin",
    "Lib/site-packages/wheel/__pycache__/__init__.cpython-312.pyc",
    "Lib/site-packages/wheel/__pycache__/__main__.cpython-312.pyc",
    "Lib/site-packages/wheel/__pycache__/_setuptools_logging.cpython-312.pyc",
    "Lib/site-packages/wheel/__pycache__/bdist_wheel.cpython-312.pyc",
    "Lib/site-packages/wheel/cli/__pycache__/__init__.cpython-312.pyc",
    "Lib/site-packages/wheel/cli/__pycache__/convert.cpython-312.pyc",
    "Lib/site-packages/wheel/cli/__pycache__/pack.cpython-312.pyc",
    "Lib/site-packages/wheel/cli/__pycache__/tags.cpython-312.pyc",
    "Lib/site-packages/wheel/cli/__pycache__/unpack.cpython-312.pyc",
    "Lib/site-packages/wheel/__pycache__/macosx_libfile.cpython-312.pyc",
    "Lib/site-packages/wheel/__pycache__/metadata.cpython-312.pyc",
    "Lib/site-packages/wheel/__pycache__/util.cpython-312.pyc",
    "Lib/site-packages/wheel/vendored/__pycache__/__init__.cpython-312.pyc",
    "Lib/site-packages/wheel/vendored/packaging/__pycache__/__init__.cpython-312.pyc",
    "Lib/site-packages/wheel/vendored/packaging/__pycache__/_elffile.cpython-312.pyc",
    "Lib/site-packages/wheel/vendored/packaging/__pycache__/_manylinux.cpython-312.pyc",
    "Lib/site-packages/wheel/vendored/packaging/__pycache__/_musllinux.cpython-312.pyc",
    "Lib/site-packages/wheel/vendored/packaging/__pycache__/_parser.cpython-312.pyc",
    "Lib/site-packages/wheel/vendored/packaging/__pycache__/_structures.cpython-312.pyc",
    "Lib/site-packages/wheel/vendored/packaging/__pycache__/_tokenizer.cpython-312.pyc",
    "Lib/site-packages/wheel/vendored/packaging/__pycache__/markers.cpython-312.pyc",
    "Lib/site-packages/wheel/vendored/packaging/__pycache__/requirements.cpython-312.pyc",
    "Lib/site-packages/wheel/vendored/packaging/__pycache__/specifiers.cpython-312.pyc",
    "Lib/site-packages/wheel/vendored/packaging/__pycache__/tags.cpython-312.pyc",
    "Lib/site-packages/wheel/vendored/packaging/__pycache__/utils.cpython-312.pyc",
    "Lib/site-packages/wheel/vendored/packaging/__pycache__/version.cpython-312.pyc",
    "Lib/site-packages/wheel/__pycache__/wheelfile.cpython-312.pyc",
    "Scripts/wheel-script.py",
    "Scripts/wheel.exe"
  ],
  "fn": "wheel-0.43.0-pyhd8ed1ab_1.conda",
  "license": "MIT",
  "link": {
    "source": "C:\\Users\\Leem\\miniforge-pypy3\\pkgs\\wheel-0.43.0-pyhd8ed1ab_1",
    "type": 1
  },
  "md5": "0b5293a157c2b5cd513dd1b03d8d3aae",
  "name": "wheel",
  "noarch": "python",
  "package_tarball_full_path": "C:\\Users\\Leem\\miniforge-pypy3\\pkgs\\wheel-0.43.0-pyhd8ed1ab_1.conda",
  "package_type": "noarch_python",
  "paths_data": {
    "paths": [
      {
        "_path": "site-packages/wheel-0.43.0.dist-info/LICENSE.txt",
        "path_type": "hardlink",
        "sha256": "30c23618679108f3e8ea1d2a658c7ca417bdfc891c98ef1a89fa4ff0c9828654",
        "sha256_in_prefix": "30c23618679108f3e8ea1d2a658c7ca417bdfc891c98ef1a89fa4ff0c9828654",
        "size_in_bytes": 1107
      },
      {
        "_path": "site-packages/wheel-0.43.0.dist-info/METADATA",
        "path_type": "hardlink",
        "sha256": "59bac22b00a59d3e5608a56b8cf8efc43831a36b72792ee4389c9cd4669c7841",
        "sha256_in_prefix": "59bac22b00a59d3e5608a56b8cf8efc43831a36b72792ee4389c9cd4669c7841",
        "size_in_bytes": 2153
      },
      {
        "_path": "site-packages/wheel-0.43.0.dist-info/RECORD",
        "path_type": "hardlink",
        "sha256": "b27434eb84a9cdd3d2dc92a0ed2404f205e8b1f7ad56ab153566d3616b9cb7b9",
        "sha256_in_prefix": "b27434eb84a9cdd3d2dc92a0ed2404f205e8b1f7ad56ab153566d3616b9cb7b9",
        "size_in_bytes": 2823
      },
      {
        "_path": "site-packages/wheel-0.43.0.dist-info/WHEEL",
        "path_type": "hardlink",
        "sha256": "1196c6921ec87b83e865f450f08d19b8ff5592537f4ef719e83484e546abe33e",
        "sha256_in_prefix": "1196c6921ec87b83e865f450f08d19b8ff5592537f4ef719e83484e546abe33e",
        "size_in_bytes": 81
      },
      {
        "_path": "site-packages/wheel-0.43.0.dist-info/entry_points.txt",
        "path_type": "hardlink",
        "sha256": "ad363505b90f1e1906326e10dc5d29233241cd6da4331a06d68ae27dfbc6740d",
        "sha256_in_prefix": "ad363505b90f1e1906326e10dc5d29233241cd6da4331a06d68ae27dfbc6740d",
        "size_in_bytes": 104
      },
      {
        "_path": "site-packages/wheel/__init__.py",
        "path_type": "hardlink",
        "sha256": "0fa8e11f4d1e3336e0ad718078ec157c3e62fa508030cc9cb86d4bd2eb1e0e5a",
        "sha256_in_prefix": "0fa8e11f4d1e3336e0ad718078ec157c3e62fa508030cc9cb86d4bd2eb1e0e5a",
        "size_in_bytes": 59
      },
      {
        "_path": "site-packages/wheel/__main__.py",
        "path_type": "hardlink",
        "sha256": "3643149ee4c219c3a4818d0804b8010950bf04619c58e471d8af236064b5d941",
        "sha256_in_prefix": "3643149ee4c219c3a4818d0804b8010950bf04619c58e471d8af236064b5d941",
        "size_in_bytes": 455
      },
      {
        "_path": "site-packages/wheel/_setuptools_logging.py",
        "path_type": "hardlink",
        "sha256": "3680a78c9e03144678e44a3ed817572ec5890b01a46a2b75b69ff5ee96a5795c",
        "sha256_in_prefix": "3680a78c9e03144678e44a3ed817572ec5890b01a46a2b75b69ff5ee96a5795c",
        "size_in_bytes": 746
      },
      {
        "_path": "site-packages/wheel/bdist_wheel.py",
        "path_type": "hardlink",
        "sha256": "38a272a7d13cdf5cc9af1a117e633d0203a30721b5081fa9cc5e645d016668a9",
        "sha256_in_prefix": "38a272a7d13cdf5cc9af1a117e633d0203a30721b5081fa9cc5e645d016668a9",
        "size_in_bytes": 20938
      },
      {
        "_path": "site-packages/wheel/cli/__init__.py",
        "path_type": "hardlink",
        "sha256": "7813619cfc164ed74a0091f2efb96fcfb80e43912edc66af1ae817c614ac9fe5",
        "sha256_in_prefix": "7813619cfc164ed74a0091f2efb96fcfb80e43912edc66af1ae817c614ac9fe5",
        "size_in_bytes": 4264
      },
      {
        "_path": "site-packages/wheel/cli/convert.py",
        "path_type": "hardlink",
        "sha256": "a897296062aa75fc353fa05e9603751e7fecb8d80ce9bbf211616565eb925b1d",
        "sha256_in_prefix": "a897296062aa75fc353fa05e9603751e7fecb8d80ce9bbf211616565eb925b1d",
        "size_in_bytes": 9439
      },
      {
        "_path": "site-packages/wheel/cli/pack.py",
        "path_type": "hardlink",
        "sha256": "08015c1dd055ba5bec1d82659dd2953bb28c23d26a053673e628b43cac7108eb",
        "sha256_in_prefix": "08015c1dd055ba5bec1d82659dd2953bb28c23d26a053673e628b43cac7108eb",
        "size_in_bytes": 3103
      },
      {
        "_path": "site-packages/wheel/cli/tags.py",
        "path_type": "hardlink",
        "sha256": "947c3e2da5ab912e49cbfa96730fbaa528de34ceb20230e7a8a2371392534c25",
        "sha256_in_prefix": "947c3e2da5ab912e49cbfa96730fbaa528de34ceb20230e7a8a2371392534c25",
        "size_in_bytes": 4760
      },
      {
        "_path": "site-packages/wheel/cli/unpack.py",
        "path_type": "hardlink",
        "sha256": "63f27bca7c4f4a81454d3ec7d1f3206c195512bc320c670e6e099ee4c06ecf9f",
        "sha256_in_prefix": "63f27bca7c4f4a81454d3ec7d1f3206c195512bc320c670e6e099ee4c06ecf9f",
        "size_in_bytes": 1021
      },
      {
        "_path": "site-packages/wheel/macosx_libfile.py",
        "path_type": "hardlink",
        "sha256": "1e75ba38f74df7dde9b12b6fc25e3dc6dc76930ee1a156deea7bf099ff16b0a2",
        "sha256_in_prefix": "1e75ba38f74df7dde9b12b6fc25e3dc6dc76930ee1a156deea7bf099ff16b0a2",
        "size_in_bytes": 16103
      },
      {
        "_path": "site-packages/wheel/metadata.py",
        "path_type": "hardlink",
        "sha256": "abec420aa4802bb1f3c99c4af40ebf1c05a686a4b5a01e01170d7eac74310624",
        "sha256_in_prefix": "abec420aa4802bb1f3c99c4af40ebf1c05a686a4b5a01e01170d7eac74310624",
        "size_in_bytes": 5884
      },
      {
        "_path": "site-packages/wheel/util.py",
        "path_type": "hardlink",
        "sha256": "7b48e99ec6db33d42169a312c9aa7efd9814c5cc70a722c393a44772b76e3cb8",
        "sha256_in_prefix": "7b48e99ec6db33d42169a312c9aa7efd9814c5cc70a722c393a44772b76e3cb8",
        "size_in_bytes": 621
      },
      {
        "_path": "site-packages/wheel/vendored/__init__.py",
        "path_type": "hardlink",
        "sha256": "e3b0c44298fc1c149afbf4c8996fb92427ae41e4649b934ca495991b7852b855",
        "sha256_in_prefix": "e3b0c44298fc1c149afbf4c8996fb92427ae41e4649b934ca495991b7852b855",
        "size_in_bytes": 0
      },
      {
        "_path": "site-packages/wheel/vendored/packaging/__init__.py",
        "path_type": "hardlink",
        "sha256": "e3b0c44298fc1c149afbf4c8996fb92427ae41e4649b934ca495991b7852b855",
        "sha256_in_prefix": "e3b0c44298fc1c149afbf4c8996fb92427ae41e4649b934ca495991b7852b855",
        "size_in_bytes": 0
      },
      {
        "_path": "site-packages/wheel/vendored/packaging/_elffile.py",
        "path_type": "hardlink",
        "sha256": "85b98af0e0fa67b7d8ea1c229c7114703d5bcbb73390688d62eed28671449369",
        "sha256_in_prefix": "85b98af0e0fa67b7d8ea1c229c7114703d5bcbb73390688d62eed28671449369",
        "size_in_bytes": 3266
      },
      {
        "_path": "site-packages/wheel/vendored/packaging/_manylinux.py",
        "path_type": "hardlink",
        "sha256": "3fbb1d479ffb5c1634f4b55860f8479b274c2482303d75ac878a2593be14ba3e",
        "sha256_in_prefix": "3fbb1d479ffb5c1634f4b55860f8479b274c2482303d75ac878a2593be14ba3e",
        "size_in_bytes": 9588
      },
      {
        "_path": "site-packages/wheel/vendored/packaging/_musllinux.py",
        "path_type": "hardlink",
        "sha256": "cf5b3c4e8da1434be99ff77e3b68b9ab11b010af1698694bb7777fdba57b35e6",
        "sha256_in_prefix": "cf5b3c4e8da1434be99ff77e3b68b9ab11b010af1698694bb7777fdba57b35e6",
        "size_in_bytes": 2674
      },
      {
        "_path": "site-packages/wheel/vendored/packaging/_parser.py",
        "path_type": "hardlink",
        "sha256": "e2d4f87a64a5daa4da53b553404d576bda358cc3c2b017b3b18071c8d31437eb",
        "sha256_in_prefix": "e2d4f87a64a5daa4da53b553404d576bda358cc3c2b017b3b18071c8d31437eb",
        "size_in_bytes": 10347
      },
      {
        "_path": "site-packages/wheel/vendored/packaging/_structures.py",
        "path_type": "hardlink",
        "sha256": "ab77953666d62461bf4b40e2b7f4b7028f2a42acffe4f6135c500a0597b9cabe",
        "sha256_in_prefix": "ab77953666d62461bf4b40e2b7f4b7028f2a42acffe4f6135c500a0597b9cabe",
        "size_in_bytes": 1431
      },
      {
        "_path": "site-packages/wheel/vendored/packaging/_tokenizer.py",
        "path_type": "hardlink",
        "sha256": "6a50ad6f05e138502614667a050fb0093485a11009db3fb2b087fbfff31327f9",
        "sha256_in_prefix": "6a50ad6f05e138502614667a050fb0093485a11009db3fb2b087fbfff31327f9",
        "size_in_bytes": 5292
      },
      {
        "_path": "site-packages/wheel/vendored/packaging/markers.py",
        "path_type": "hardlink",
        "sha256": "fd348f2350612583bb069f40cd398743122a1c45576938e60e1f46fb0f2accf0",
        "sha256_in_prefix": "fd348f2350612583bb069f40cd398743122a1c45576938e60e1f46fb0f2accf0",
        "size_in_bytes": 8232
      },
      {
        "_path": "site-packages/wheel/vendored/packaging/requirements.py",
        "path_type": "hardlink",
        "sha256": "760a01795a6b3eed9813a43c9c67f038f4e30131db45afd918bc978451259fa4",
        "sha256_in_prefix": "760a01795a6b3eed9813a43c9c67f038f4e30131db45afd918bc978451259fa4",
        "size_in_bytes": 2933
      },
      {
        "_path": "site-packages/wheel/vendored/packaging/specifiers.py",
        "path_type": "hardlink",
        "sha256": "2164add12acb48fef685e5a1002f142f4786bdab3b5c84078ea8958957e63ca1",
        "sha256_in_prefix": "2164add12acb48fef685e5a1002f142f4786bdab3b5c84078ea8958957e63ca1",
        "size_in_bytes": 39778
      },
      {
        "_path": "site-packages/wheel/vendored/packaging/tags.py",
        "path_type": "hardlink",
        "sha256": "7de7475e2387901c4d6535e8b57bfcb973e630553d69ef93281ba38181e281c0",
        "sha256_in_prefix": "7de7475e2387901c4d6535e8b57bfcb973e630553d69ef93281ba38181e281c0",
        "size_in_bytes": 18950
      },
      {
        "_path": "site-packages/wheel/vendored/packaging/utils.py",
        "path_type": "hardlink",
        "sha256": "5e07663f7cb1f7ec101058ceecebcc8fd46311fe49951e4714547af6fed243d1",
        "sha256_in_prefix": "5e07663f7cb1f7ec101058ceecebcc8fd46311fe49951e4714547af6fed243d1",
        "size_in_bytes": 5268
      },
      {
        "_path": "site-packages/wheel/vendored/packaging/version.py",
        "path_type": "hardlink",
        "sha256": "3c525a6190f1060cb191f6211f7490c38a9f13d202096ad39a2b6fab5e32ddbb",
        "sha256_in_prefix": "3c525a6190f1060cb191f6211f7490c38a9f13d202096ad39a2b6fab5e32ddbb",
        "size_in_bytes": 16234
      },
      {
        "_path": "site-packages/wheel/vendored/vendor.txt",
        "path_type": "hardlink",
        "sha256": "67610d8c1d62e69adf7b3f0274cd5276bddce99c6fdab451a253292e60677001",
        "sha256_in_prefix": "67610d8c1d62e69adf7b3f0274cd5276bddce99c6fdab451a253292e60677001",
        "size_in_bytes": 16
      },
      {
        "_path": "site-packages/wheel/wheelfile.py",
        "path_type": "hardlink",
        "sha256": "0ed2435a864cbe7061e2578d3033c63a9ad053d77f769eaaf8c995d14fbee317",
        "sha256_in_prefix": "0ed2435a864cbe7061e2578d3033c63a9ad053d77f769eaaf8c995d14fbee317",
        "size_in_bytes": 7694
      },
      {
        "_path": "Lib/site-packages/wheel/__pycache__/__init__.cpython-312.pyc",
        "path_type": "pyc_file"
      },
      {
        "_path": "Lib/site-packages/wheel/__pycache__/__main__.cpython-312.pyc",
        "path_type": "pyc_file"
      },
      {
        "_path": "Lib/site-packages/wheel/__pycache__/_setuptools_logging.cpython-312.pyc",
        "path_type": "pyc_file"
      },
      {
        "_path": "Lib/site-packages/wheel/__pycache__/bdist_wheel.cpython-312.pyc",
        "path_type": "pyc_file"
      },
      {
        "_path": "Lib/site-packages/wheel/cli/__pycache__/__init__.cpython-312.pyc",
        "path_type": "pyc_file"
      },
      {
        "_path": "Lib/site-packages/wheel/cli/__pycache__/convert.cpython-312.pyc",
        "path_type": "pyc_file"
      },
      {
        "_path": "Lib/site-packages/wheel/cli/__pycache__/pack.cpython-312.pyc",
        "path_type": "pyc_file"
      },
      {
        "_path": "Lib/site-packages/wheel/cli/__pycache__/tags.cpython-312.pyc",
        "path_type": "pyc_file"
      },
      {
        "_path": "Lib/site-packages/wheel/cli/__pycache__/unpack.cpython-312.pyc",
        "path_type": "pyc_file"
      },
      {
        "_path": "Lib/site-packages/wheel/__pycache__/macosx_libfile.cpython-312.pyc",
        "path_type": "pyc_file"
      },
      {
        "_path": "Lib/site-packages/wheel/__pycache__/metadata.cpython-312.pyc",
        "path_type": "pyc_file"
      },
      {
        "_path": "Lib/site-packages/wheel/__pycache__/util.cpython-312.pyc",
        "path_type": "pyc_file"
      },
      {
        "_path": "Lib/site-packages/wheel/vendored/__pycache__/__init__.cpython-312.pyc",
        "path_type": "pyc_file"
      },
      {
        "_path": "Lib/site-packages/wheel/vendored/packaging/__pycache__/__init__.cpython-312.pyc",
        "path_type": "pyc_file"
      },
      {
        "_path": "Lib/site-packages/wheel/vendored/packaging/__pycache__/_elffile.cpython-312.pyc",
        "path_type": "pyc_file"
      },
      {
        "_path": "Lib/site-packages/wheel/vendored/packaging/__pycache__/_manylinux.cpython-312.pyc",
        "path_type": "pyc_file"
      },
      {
        "_path": "Lib/site-packages/wheel/vendored/packaging/__pycache__/_musllinux.cpython-312.pyc",
        "path_type": "pyc_file"
      },
      {
        "_path": "Lib/site-packages/wheel/vendored/packaging/__pycache__/_parser.cpython-312.pyc",
        "path_type": "pyc_file"
      },
      {
        "_path": "Lib/site-packages/wheel/vendored/packaging/__pycache__/_structures.cpython-312.pyc",
        "path_type": "pyc_file"
      },
      {
        "_path": "Lib/site-packages/wheel/vendored/packaging/__pycache__/_tokenizer.cpython-312.pyc",
        "path_type": "pyc_file"
      },
      {
        "_path": "Lib/site-packages/wheel/vendored/packaging/__pycache__/markers.cpython-312.pyc",
        "path_type": "pyc_file"
      },
      {
        "_path": "Lib/site-packages/wheel/vendored/packaging/__pycache__/requirements.cpython-312.pyc",
        "path_type": "pyc_file"
      },
      {
        "_path": "Lib/site-packages/wheel/vendored/packaging/__pycache__/specifiers.cpython-312.pyc",
        "path_type": "pyc_file"
      },
      {
        "_path": "Lib/site-packages/wheel/vendored/packaging/__pycache__/tags.cpython-312.pyc",
        "path_type": "pyc_file"
      },
      {
        "_path": "Lib/site-packages/wheel/vendored/packaging/__pycache__/utils.cpython-312.pyc",
        "path_type": "pyc_file"
      },
      {
        "_path": "Lib/site-packages/wheel/vendored/packaging/__pycache__/version.cpython-312.pyc",
        "path_type": "pyc_file"
      },
      {
        "_path": "Lib/site-packages/wheel/__pycache__/wheelfile.cpython-312.pyc",
        "path_type": "pyc_file"
      },
      {
        "_path": "Scripts/wheel-script.py",
        "path_type": "windows_python_entry_point_script"
      },
      {
        "_path": "Scripts/wheel.exe",
        "path_type": "windows_python_entry_point_exe"
      }
    ],
    "paths_version": 1
  },
  "requested_spec": "None",
  "sha256": "cb318f066afd6fd64619f14c030569faf3f53e6f50abf743b4c865e7d95b96bc",
  "size": 57963,
  "subdir": "noarch",
  "timestamp": 1711546009000,
  "url": "https://conda.anaconda.org/conda-forge/noarch/wheel-0.43.0-pyhd8ed1ab_1.conda",
  "version": "0.43.0"
}